Query,ref_genome,range,strand,Ref_AAseq,target_aa,first_aa_pos
ABL1_T315I,hg19,chr9:133748249-133748317,+,VCTREPPFYIITEFMTYGNLLDY,I314_T315_E316,304
CRLF2_F232C,hg19,chrX:1314932-1315000,-,TPTPPKPKLSKFILISSLAILLM,K321_F232_I233,221
IKZF1_N159Y,hg19,chr7:50450258-50450326,+,NQCGASFTQKGNLLRHIKLHSGE,G158_N159_L160,148
JAK2_I682R-R683S,hg19,chr9:5078324-5078395,+,HGNVCAKNILLIREEDRKTGNPPF,L681_I682_R683_E684,671
JAK2_T875N,hg19,chr9:5089692-5089760,+,EMCRYDPLQDNTGEVVAVKKLQH,N874_T875_G876,864
JAK2_R938Q,hg19,chr9:5090463-5090531,+,LIMEYLPYGSLRDYLQKHKERID,L937_R938_D939,927
KRAS_A146T-Va,hg19,chr12:25378548-25378595 + chr12:25368474-25368494,-,RSYGIPFIETSAKTRQRVEDAFY,S145_A146_K147,135
KRAS_A146P-Vb,hg19,chr12:25378548-25378595 + chr12:25362825-25362845,-,RSYGIPFIETSAKTRQGVDDAFY,S145_A146_K147,135
KRAS_G12D-G13D,hg19,chr12:25398247-25398318,-,MTEYKLVVVGAGGVGKSALTIQLI,A11_G12_G13_V14,1
KRAS_Q61R,hg19,chr12:25380242-25380310,-,TCLLDILDTAGQEEYSAMRDQYM,G60_Q61_E62,50
NRAS_G12D-G13D,hg19,chr1:115258710-115258781,-,MTEYKLVVVGAGGVGKSALTIQLI,A11_G12_G13_V14,1
NRAS_Q61K,hg19,chr1:115256495-115256563,-,TCLLDILDTAGQEEYSAMRDQYM,G60_Q61_E62,50
PAX5_P80R,hg19,chr9:37020633-37020640 + chr9:37015131-37015191,-,LGRYYETGSIKPGVIGGSKPKVA,K79_P80_G81,69
TP53_R209Q,hg19,chr17:7577504-7577572,,MCNSSCMGGMNRRPILTIITLED,N208_R209_R210,198
